<?xml version="1.0" encoding="UTF-8"?>
<project name="module_untitled" default="compile.module.untitled">
  <dirname property="module.untitled.basedir" file="${ant.file.module_untitled}"/>
  
  <property name="module.jdk.home.untitled" value="${project.jdk.home}"/>
  <property name="module.jdk.bin.untitled" value="${project.jdk.bin}"/>
  <property name="module.jdk.classpath.untitled" value="${project.jdk.classpath}"/>
  
  <property name="compiler.args.untitled" value="-encoding UTF-8 -source 1.7 ${compiler.args}"/>
  
  <property name="untitled.output.dir" value="${module.untitled.basedir}/out/production/untitled"/>
  <property name="untitled.testoutput.dir" value="${module.untitled.basedir}/out/test/untitled"/>
  
  <path id="untitled.module.bootclasspath">
    <!-- Paths to be included in compilation bootclasspath -->
  </path>
  
  <path id="untitled.module.production.classpath">
    <path refid="${module.jdk.classpath.untitled}"/>
    <path refid="library.guava-17.0.classpath"/>
  </path>
  
  <path id="untitled.runtime.production.module.classpath">
    <pathelement location="${untitled.output.dir}"/>
    <path refid="library.guava-17.0.classpath"/>
  </path>
  
  <path id="untitled.module.classpath">
    <path refid="${module.jdk.classpath.untitled}"/>
    <pathelement location="${untitled.output.dir}"/>
    <path refid="library.guava-17.0.classpath"/>
  </path>
  
  <path id="untitled.runtime.module.classpath">
    <pathelement location="${untitled.testoutput.dir}"/>
    <pathelement location="${untitled.output.dir}"/>
    <path refid="library.guava-17.0.classpath"/>
  </path>
  
  
  <patternset id="excluded.from.module.untitled">
    <patternset refid="ignored.files"/>
  </patternset>
  
  <patternset id="excluded.from.compilation.untitled">
    <patternset refid="excluded.from.module.untitled"/>
  </patternset>
  
  <path id="untitled.module.sourcepath">
    <dirset dir="${module.untitled.basedir}">
      <include name="src"/>
    </dirset>
  </path>
  
  
  <target name="compile.module.untitled" depends="compile.module.untitled.production,compile.module.untitled.tests" description="Compile module untitled"/>
  
  <target name="compile.module.untitled.production" depends="register.custom.compilers" description="Compile module untitled; production classes">
    <mkdir dir="${untitled.output.dir}"/>
    <javac2 destdir="${untitled.output.dir}" debug="${compiler.debug}" nowarn="${compiler.generate.no.warnings}" memorymaximumsize="${compiler.max.memory}" fork="true" executable="${module.jdk.bin.untitled}/javac">
      <compilerarg line="${compiler.args.untitled}"/>
      <bootclasspath refid="untitled.module.bootclasspath"/>
      <classpath refid="untitled.module.production.classpath"/>
      <src refid="untitled.module.sourcepath"/>
      <patternset refid="excluded.from.compilation.untitled"/>
    </javac2>
    
    <copy todir="${untitled.output.dir}">
      <fileset dir="${module.untitled.basedir}/src">
        <patternset refid="compiler.resources"/>
        <type type="file"/>
      </fileset>
    </copy>
  </target>
  
  <target name="compile.module.untitled.tests" depends="register.custom.compilers,compile.module.untitled.production" description="compile module untitled; test classes" unless="skip.tests"/>
  
  <target name="clean.module.untitled" description="cleanup module">
    <delete dir="${untitled.output.dir}"/>
    <delete dir="${untitled.testoutput.dir}"/>
  </target>
</project>